nearestid,country,averageincquintile,lengthinmetres,lengthinmetresbeforesimplification,startlat,startlon,endlat,endlon,average2019detachedhouseprice,coastalpopulationdensity
06159,France,4.2,76476,118583,43.8987,8.0834,43.6879,7.1874,0,1121
06123,France,4.3,16197,25548,43.6879,7.1874,43.5479,7.1374,0,4401
06029,France,4.2,14181,21809,43.5479,7.1374,43.5454,6.9633,0,2420
83118,France,4.1,14134,19013,43.5454,6.9633,43.4304,6.8917,0,1899
83118,France,3.8,11373,17246,43.4304,6.8917,43.4246,6.7525,0,899
83068,France,3.3,21823,30684,43.4246,6.7525,43.2762,6.5791,0,667
83068,France,3.2,9738,14499,43.2762,6.5791,43.27,6.6979,0,515
83119,France,3.5,11959,17331,43.27,6.6979,43.1704,6.6449,0,321
83036,France,3.5,19957,31097,43.1704,6.6449,43.1521,6.4025,0,245
83019,France,3.4,7724,11822,43.1521,6.4025,43.0896,6.3624,0,313
83019,France,3.7,13708,17906,43.0896,6.3624,43.1187,6.1999,0,642
83069,France,3.8,10530,14669,43.1187,6.1999,43.0296,6.1583,0,905
83034,France,3.8,22151,43585,43.0296,6.1583,43.1254,5.9217,0,2067
83153,France,3.8,6809,22437,43.1254,5.9217,43.0671,5.9458,0,5492
83129,France,3.8,9882,14064,43.0671,5.9458,43.0504,5.8274,0,3609
83009,France,4.1,18307,34426,43.0504,5.8274,43.1796,5.6899,0,1740
83112,France,4.1,29222,47181,43.1796,5.6899,43.2154,5.3357,0,2310
13055,France,3.8,16492,31672,43.2154,5.3357,43.3621,5.3125,0,5895
13055,France,3.5,21810,28065,43.3621,5.3125,43.3271,5.0492,0,3167
13056,France,3.5,9228,14113,43.3271,5.0492,43.3958,4.9862,0,1134
13056,France,3.3,5452,6936,43.3958,4.9862,43.4087,5.0508,0,2059
13039,France,3.1,16533,28180,43.4087,5.0508,43.4562,4.8583,0,888
13078,France,2.8,13394,55448,43.4562,4.8583,43.3362,4.8592,0,458
13078,France,2.3,9925,13301,43.3362,4.8592,43.4038,4.78,0,109
13078,France,2.3,9754,12957,43.4038,4.78,43.3296,4.8433,0,109
13004,France,2,15005,16577,43.3296,4.8433,43.3479,4.6608,0,70
13096,France,1.3,12908,26924,43.3479,4.6608,43.4579,4.6117,0,79
13096,France,1.3,11089,24452,43.4579,4.6117,43.3587,4.62,0,32
13096,France,1,10486,16804,43.3587,4.62,43.4437,4.565,0,16
13096,France,1.9,31701,38743,43.4437,4.565,43.4712,4.1767,0,36
34344,France,3.1,12503,17355,43.4712,4.1767,43.5613,4.085,0,399
34344,France,3.1,56826,67025,43.5613,4.085,43.2721,3.5091,0,670
34332,France,1.9,14344,23752,43.2721,3.5091,43.2871,3.3341,0,681
34299,France,2,32845,47413,43.2871,3.3341,43.0554,3.085,0,300
11266,France,2.1,6446,11723,43.0554,3.085,43.1029,3.0399,0,1035
11266,France,1.8,25774,56398,43.1029,3.0399,42.8716,3.0495,0,284
11144,France,1.6,7176,19618,42.8716,3.0495,42.9271,3.005,0,439
66190,France,1.7,11338,15746,42.9271,3.005,42.8333,2.9512,0,431
66180,France,1.8,7035,11394,42.8333,2.9512,42.8021,3.0258,0,961
11202,France,1.8,7593,12625,42.8021,3.0258,42.8683,3.0479,0,526
66171,France,2.4,28709,33244,42.8683,3.0479,42.6108,3.0321,0,539
66171,France,2.7,29885,50489,42.6108,3.0321,42.3608,3.1637,0,377
66048,France,2.5,13721,24671,42.3608,3.1637,42.3199,3.3203,0,268
64189,France,3.5,39732,70098,43.2754,-2.1308,43.3903,-1.6667,0,1254
64140,France,3.7,20435,25098,43.3903,-1.6667,43.5246,-1.4941,0,1132
64140,France,3.6,114730,125509,43.5246,-1.4941,44.5433,-1.2588,0,202
33529,France,4,14316,15463,44.5433,-1.2588,44.6629,-1.1917,0,376
33051,France,4.2,13944,24757,44.6629,-1.1917,44.6542,-1.0163,0,692
33051,France,4.2,17757,37996,44.6542,-1.0163,44.7721,-1.1676,0,581
33236,France,4.2,17535,25049,44.7721,-1.1676,44.6291,-1.2612,0,362
33300,France,3.3,104211,108804,44.6291,-1.2612,45.5596,-1.0959,0,88
33383,France,2.3,33032,46323,45.5596,-1.0959,45.345,-0.8037,0,170
33268,France,2.6,35007,37139,45.345,-0.8037,45.0487,-0.6525,0,226
33339,France,3.1,12308,26251,45.0487,-0.6525,45.0083,-0.5071,0,910
33132,France,3.1,13561,15339,45.0083,-0.5071,45.0817,-0.6446,0,771
33058,France,2.2,44983,49819,45.0817,-0.6446,45.4721,-0.7959,0,162
17248,France,2.4,42311,59955,45.4721,-0.7959,45.6925,-1.238,0,186
17452,France,2.9,10748,11228,45.6925,-1.238,45.7892,-1.2405,0,168
17452,France,2.6,9126,12632,45.7892,-1.2405,45.7846,-1.1233,0,357
17219,France,2.6,8952,11666,45.7846,-1.1233,45.8542,-1.1813,0,395
17484,France,2.9,19275,29922,45.8542,-1.1813,45.9725,-0.9996,0,433
17353,France,3,6357,7622,45.9725,-0.9996,45.9587,-1.0792,0,896
17028,France,3.6,22717,42689,45.9587,-1.0792,46.1567,-1.1521,0,890
17300,France,4.2,7042,9941,46.1567,-1.1521,46.1625,-1.2429,0,2201
17091,France,3.6,20321,29396,46.1625,-1.2429,46.3167,-1.1013,0,780
17091,France,3.3,10082,14713,46.3167,-1.1013,46.2662,-1.21,0,439
85194,France,3.3,52747,84517,46.2662,-1.21,46.4929,-1.8125,0,190
85164,France,3,44425,50431,46.4929,-1.8125,46.8208,-2.1446,0,235
85012,France,2.8,28067,38862,46.8208,-2.1446,47.0525,-1.9979,0,165
44136,France,3.1,21226,25928,47.0525,-1.9979,47.1333,-2.2513,0,204
44136,France,3.4,16128,22083,47.1333,-2.2513,47.2679,-2.1717,0,848
44019,France,3.5,16489,25400,47.2679,-2.1717,47.2925,-1.9567,0,883
44019,France,3.5,26621,36601,47.2925,-1.9567,47.2329,-2.2975,0,676
44010,France,3.8,19764,27504,47.2329,-2.2975,47.2896,-2.5451,0,706
44010,France,4.1,5552,10508,47.2896,-2.5451,47.295,-2.4721,0,932
44069,France,3.9,11115,21001,47.295,-2.4721,47.3758,-2.5588,0,505
44125,France,3.4,10375,14809,47.3758,-2.5588,47.4133,-2.4329,0,402
44006,France,3.5,10379,17283,47.4133,-2.4329,47.495,-2.4996,0,481
56143,France,3.3,8349,11960,47.495,-2.4996,47.5063,-2.39,0,413
56143,France,3.4,18385,27267,47.5063,-2.39,47.5037,-2.6341,0,255
56002,France,3.8,6793,10549,47.5037,-2.6341,47.5513,-2.5775,0,441
56252,France,4,19378,36624,47.5513,-2.5775,47.4871,-2.8168,0,207
56214,France,4.5,10802,17215,47.4871,-2.8168,47.5566,-2.9171,0,270
56240,France,4.3,13906,37434,47.5566,-2.9171,47.5429,-2.7334,0,446
56240,France,4,10503,18099,47.5429,-2.7334,47.635,-2.7021,0,1115
56106,France,3.9,17464,68843,47.635,-2.7021,47.5821,-2.9209,0,895
56007,France,3.9,9833,22941,47.5821,-2.9209,47.6621,-2.9768,0,716
56116,France,4,12335,17884,47.6621,-2.9768,47.5558,-2.9296,0,564
56116,France,4,12129,29735,47.5558,-2.9296,47.6379,-3.0359,0,554
56046,France,3.8,19610,53654,47.6379,-3.0359,47.4738,-3.1317,0,369
56234,France,3.6,19379,26685,47.4738,-3.1317,47.64,-3.2096,0,193
56096,France,3.3,13350,57212,47.64,-3.2096,47.7488,-3.1342,0,555
56096,France,3.2,13240,39249,47.7488,-3.1342,47.6429,-3.215,0,671
56062,France,3.3,12222,15288,47.6429,-3.215,47.69,-3.3621,0,1227
56169,France,3.3,6056,8468,47.69,-3.3621,47.6862,-3.2816,0,2452
56062,France,3.3,6606,10797,47.6862,-3.2816,47.7075,-3.3638,0,2364
56094,France,3.2,10259,16231,47.7075,-3.3638,47.7813,-3.2816,0,1770
56083,France,3.2,15985,34139,47.7813,-3.2816,47.6954,-3.4526,0,1203
56078,France,3.4,12485,16204,47.6954,-3.4526,47.7963,-3.5258,0,1213
29150,France,3.5,11647,19869,47.7963,-3.5258,47.7762,-3.6784,0,736
29150,France,3.3,8822,20098,47.7762,-3.6784,47.8413,-3.7458,0,404
29293,France,3.3,10148,19814,47.8413,-3.7458,47.7888,-3.8567,0,385
29057,France,3.7,15956,35469,47.7888,-3.8567,47.9071,-3.9775,0,474
29058,France,3.7,6024,11163,47.9071,-3.9775,47.8529,-3.9775,0,1035
29032,France,3.7,14354,46723,47.8529,-3.9775,47.9129,-4.1475,0,905
29085,France,3.7,12677,49371,47.9129,-4.1475,47.8012,-4.1817,0,924
29165,France,3.8,14615,21086,47.8012,-4.1817,47.7962,-4.3767,0,282
29158,France,3,19891,25485,47.7962,-4.3767,47.9704,-4.4375,0,262
29003,France,2.6,23889,34249,47.9704,-4.4375,48.0409,-4.74,0,105
29145,France,2.7,33006,49430,48.0409,-4.74,48.0922,-4.3037,0,135
29172,France,2.8,7495,9443,48.0922,-4.3037,48.1576,-4.2792,0,458
29172,France,2.8,14518,20715,48.1576,-4.2792,48.2388,-4.4322,0,266
29042,France,2.8,12048,18338,48.2388,-4.4322,48.1697,-4.5571,0,143
29042,France,3.6,13853,27386,48.1697,-4.5571,48.2834,-4.6334,0,190
29238,France,3.7,9914,18106,48.2834,-4.6334,48.3447,-4.5363,0,1935
29042,France,3.6,6489,8550,48.3447,-4.5363,48.2864,-4.5405,0,2906
29289,France,3,28703,51547,48.2864,-4.5405,48.2501,-4.1576,0,430
29137,France,2.9,15480,48092,48.2501,-4.1576,48.3176,-4.3401,0,388
29137,France,3.2,6897,13617,48.3176,-4.3401,48.3581,-4.2696,0,833
29140,France,3.3,14231,32917,48.3581,-4.2696,48.3293,-4.4567,0,1522
29056,France,3.5,15906,20201,48.3293,-4.4567,48.428,-4.3012,0,1539
29056,France,3.7,36667,57891,48.428,-4.3012,48.3314,-4.7746,0,782
29112,France,3.9,22375,45526,48.3314,-4.7746,48.5326,-4.7676,0,194
29021,France,3.1,60057,142566,48.5326,-4.7676,48.7297,-4.0088,0,187
29132,France,3,16450,39509,48.7297,-4.0088,48.6213,-3.8567,0,413
29186,France,3.1,11057,21320,48.6213,-3.8567,48.7179,-3.8209,0,504
22194,France,3,17239,31060,48.7179,-3.8209,48.6696,-3.5983,0,197
22349,France,3,19504,43614,48.6696,-3.5983,48.8362,-3.5151,0,343
22168,France,3.1,9626,20183,48.8362,-3.5151,48.8013,-3.3951,0,603
22218,France,2.8,14501,22113,48.8013,-3.3951,48.8704,-3.2275,0,435
22218,France,2.6,7211,10834,48.8704,-3.2275,48.8062,-3.2134,0,361
22347,France,2.7,13222,17898,48.8062,-3.2134,48.8837,-3.0767,0,232
22199,France,2.4,15426,26662,48.8837,-3.0767,48.7504,-3.1351,0,270
22162,France,2.4,11884,17568,48.7504,-3.1351,48.8221,-3.0151,0,350
22055,France,3,43557,74387,48.8221,-3.0151,48.4962,-2.6867,0,417
22273,France,3.2,34652,57445,48.4962,-2.6867,48.6904,-2.3191,0,422
22179,France,3.2,7889,12510,48.6904,-2.3191,48.6204,-2.3367,0,233
22179,France,3.2,7190,11230,48.6204,-2.3367,48.6454,-2.2467,0,376
22282,France,3.2,8340,11388,48.6454,-2.2467,48.5737,-2.2134,0,382
22302,France,3.5,14149,37785,48.5737,-2.2134,48.6396,-2.0492,0,758
22213,France,3.3,12731,21494,48.6396,-2.0492,48.5362,-1.975,0,999
35288,France,3.3,13438,29547,48.5362,-1.975,48.6508,-2.033,0,966
35288,France,3.9,9246,17248,48.6508,-2.033,48.7029,-1.9351,0,1007
35049,France,3.4,6824,10980,48.7029,-1.9351,48.7121,-1.8434,0,907
35361,France,2.7,13157,20418,48.7121,-1.8434,48.6037,-1.7717,0,622
50108,France,2.7,30712,44000,48.6037,-1.7717,48.6337,-1.3575,0,231
50027,France,2.9,20075,31441,48.6337,-1.3575,48.7458,-1.5713,0,279
50506,France,2.8,52750,105088,48.7458,-1.5713,49.22,-1.5479,0,177
50267,France,2.2,25698,55212,49.22,-1.5479,49.3741,-1.8113,0,112
50041,France,3.3,40380,52490,49.3741,-1.8113,49.7271,-1.9425,0,86
50041,France,4.1,24841,35316,49.7271,-1.9425,49.6446,-1.6225,0,425
50618,France,3.1,26431,36194,49.6446,-1.6225,49.6988,-1.2659,0,420
50013,France,2.3,16856,28739,49.6988,-1.2659,49.55,-1.3104,0,120
50099,France,2.3,28608,39213,49.55,-1.3104,49.3262,-1.1158,0,133
50099,France,2.3,13448,18389,49.3262,-1.1158,49.3979,-0.9667,0,140
14281,France,3.7,63460,82818,49.3979,-0.9667,49.2771,-0.1133,0,290
14699,France,3.7,48454,68598,49.2771,-0.1133,49.4762,0.48,0,534
76660,France,3.8,28159,34193,49.4762,0.48,49.4804,0.0916,0,1117
76351,France,4,5973,8092,49.4804,0.0916,49.4758,0.1737,0,4181
76552,France,4.1,9071,14405,49.4758,0.1737,49.5167,0.0654,0,2765
76595,France,4,22818,24408,49.5167,0.0654,49.7054,0.1891,0,1074
76254,France,3.3,32545,39053,49.7054,0.1891,49.8521,0.5799,0,212
76683,France,3.1,37579,46838,49.8521,0.5799,49.9179,1.0925,0,251
76618,France,2.7,44640,51429,49.9179,1.0925,50.2096,1.52,0,288
80182,France,2.4,10824,14709,50.2096,1.52,50.1833,1.6658,0,241
80713,France,2.4,13852,31480,50.1833,1.6658,50.2775,1.5391,0,215
80713,France,2.9,66118,86645,50.2775,1.5391,50.8708,1.5791,0,311
59271,France,2.9,68678,76021,50.8708,1.5791,51.0762,2.5,0,538
31004B0PA,Belgium,2.7,79565,90365,51.0762,2.5,51.4087,3.5065,0,530
43002D082,Belgium,3.5,22831,27363,51.4087,3.5065,51.3345,3.8114,0,595
43002A09-,Belgium,3.3,14040,18682,51.3345,3.8114,51.4079,3.9748,0,692
46003E081,Belgium,3.9,20213,40414,51.4079,3.9748,51.3521,4.2503,0,564
46003E081,Belgium,3.9,22654,29958,51.3521,4.2503,51.4596,3.9748,0,666
11002L090,Belgium,4,33580,47470,51.607,3.8348,51.4329,4.2285,0,581
11002L090,Belgium,3.1,11854,20045,51.4329,4.2285,51.5391,4.2341,0,1202
,,,,,,,,,,
E02006537,EnglandAndWales,3.7,20180,22084,50.7879,0,50.8304,-0.2783,342498,2616
E02006538,EnglandAndWales,3.6,38331,57350,50.8304,-0.2783,50.7204,-0.7933,439293,1656
E02006573,EnglandAndWales,3.8,10876,11709,50.7204,-0.7933,50.7783,-0.9175,476421,1467
E02006569,EnglandAndWales,3.6,9301,14358,50.7783,-0.9175,50.8296,-0.8133,459443,2499
E02003525,EnglandAndWales,3.8,25757,61924,50.8296,-0.8133,50.8438,-1.1783,454370,2684
E02004734,EnglandAndWales,3.7,8396,18950,50.8438,-1.1783,50.7713,-1.1451,425506,6182
E02004732,EnglandAndWales,3.8,28564,49695,50.7713,-1.1451,50.9162,-1.48,482647,3321
E02004782,EnglandAndWales,3.8,17601,30417,50.9162,-1.48,50.7837,-1.3433,505477,3658
E02004792,EnglandAndWales,3.7,17188,34208,50.7837,-1.3433,50.7037,-1.5517,499333,1419
E02003188,EnglandAndWales,3.1,34842,66314,50.7037,-1.5517,50.7304,-2.0434,489243,1525
E02003207,EnglandAndWales,3,16566,56362,50.7304,-2.0434,50.592,-1.9567,465832,2097
E02004266,EnglandAndWales,2.8,33577,39960,50.592,-1.9567,50.6337,-2.4267,398948,371
E02004284,EnglandAndWales,2.7,13599,24653,50.6337,-2.4267,50.5129,-2.4566,395539,721
E02004289,EnglandAndWales,2.5,32854,37679,50.5129,-2.4566,50.7163,-2.7934,365680,308
E02004148,EnglandAndWales,2.7,41903,52052,50.7163,-2.7934,50.6054,-3.36,424024,344
E02004142,EnglandAndWales,2.8,12273,17267,50.6054,-3.36,50.6871,-3.4767,406615,1751
E02004163,EnglandAndWales,2.8,9638,13177,50.6871,-3.4767,50.6067,-3.4258,409026,2247
E02004205,EnglandAndWales,2.1,13603,17323,50.6067,-3.4258,50.5375,-3.5842,384415,1735
E02004211,EnglandAndWales,2,6145,7122,50.5375,-3.5842,50.5366,-3.4975,354694,2936
E02003158,EnglandAndWales,1.9,21449,41037,50.5366,-3.4975,50.3442,-3.5192,375845,1116
E02004191,EnglandAndWales,1.9,14741,24138,50.3442,-3.5192,50.4258,-3.6826,392305,1045
E02004191,EnglandAndWales,2,13214,22341,50.4258,-3.6826,50.3342,-3.5642,396523,1072
E02004199,EnglandAndWales,2.1,14028,18159,50.3342,-3.5642,50.2187,-3.6434,363884,378
E02004199,EnglandAndWales,2.8,8911,11683,50.2187,-3.6434,50.2187,-3.7683,350000,178
E02004198,EnglandAndWales,2.8,6698,21102,50.2187,-3.7683,50.2787,-3.7767,392680,309
E02004198,EnglandAndWales,2.8,7895,17945,50.2787,-3.7767,50.2129,-3.8183,439500,254
E02004196,EnglandAndWales,3.1,15261,26905,50.2129,-3.8183,50.3283,-3.9342,363235,430
E02004196,EnglandAndWales,3,9285,12211,50.3283,-3.9342,50.2921,-4.0517,358815,1059
E02003147,EnglandAndWales,2.6,16465,34654,50.2921,-4.0517,50.3975,-4.2142,326058,1874
E02003902,EnglandAndWales,2.5,9885,31033,50.3975,-4.2142,50.3088,-4.2234,320739,3014
E02003903,EnglandAndWales,2.4,8724,10779,50.3088,-4.2234,50.3596,-4.3168,175568,2343
E02003960,EnglandAndWales,2.1,31463,46811,50.3596,-4.3168,50.3313,-4.7567,234394,440
E02003961,EnglandAndWales,2.1,12956,18967,50.3313,-4.7567,50.2183,-4.8009,290912,542
E02003964,EnglandAndWales,2.7,17504,27065,50.2183,-4.8009,50.1362,-5.01,332038,428
E02003912,EnglandAndWales,2.7,11552,23714,50.1362,-5.01,50.24,-5.0158,351437,741
E02003911,EnglandAndWales,2.5,7646,19026,50.24,-5.0158,50.2054,-5.1084,347396,1461
E02003913,EnglandAndWales,2.5,8579,22387,50.2054,-5.1084,50.1416,-5.0409,356982,1256
E02003917,EnglandAndWales,2.7,13334,26073,50.1416,-5.0409,50.09,-5.2092,361160,596
E02003927,EnglandAndWales,2.6,11661,19096,50.09,-5.2092,50.0491,-5.0592,357080,582
E02003930,EnglandAndWales,2.7,14585,20666,50.0491,-5.0592,49.9571,-5.2042,415000,84
E02003930,EnglandAndWales,1.9,27805,38725,49.9571,-5.2042,50.1262,-5.4901,351193,313
E02003947,EnglandAndWales,1.6,10464,14895,50.1262,-5.4901,50.0504,-5.5767,378098,611
E02003947,EnglandAndWales,1.6,10048,14205,50.0504,-5.5767,50.0617,-5.7159,311138,306
E02003947,EnglandAndWales,1.8,11757,15433,50.0617,-5.7159,50.1642,-5.6758,0,184
E02003945,EnglandAndWales,1.6,17149,28818,50.1642,-5.6758,50.1771,-5.4366,378098,438
E02003906,EnglandAndWales,1.9,27435,38010,50.1771,-5.4366,50.3458,-5.1559,327530,581
E02003954,EnglandAndWales,2.4,23958,45485,50.3458,-5.1559,50.5475,-5.0375,350891,283
E02003937,EnglandAndWales,1.8,14150,26938,50.5475,-5.0375,50.52,-4.8426,333222,261
E02003937,EnglandAndWales,1.8,10012,15698,50.52,-4.8426,50.5867,-4.9375,333222,328
E02003937,EnglandAndWales,1.8,9792,14255,50.5867,-4.9375,50.5962,-4.8,375878,280
E02003932,EnglandAndWales,1.7,26448,36203,50.5962,-4.8,50.7809,-4.5642,365445,154
E02003931,EnglandAndWales,1.5,26806,33133,50.7809,-4.5642,51.0208,-4.5275,383538,79
E02004224,EnglandAndWales,1.6,13427,15165,51.0208,-4.5275,50.9879,-4.3434,324770,205
E02004183,EnglandAndWales,1.6,21798,39254,50.9879,-4.3434,51.0783,-4.0676,337642,474
E02004179,EnglandAndWales,1.7,10512,14054,51.0783,-4.0676,51.0742,-4.2175,337642,863
E02004178,EnglandAndWales,1.8,12587,18751,51.0742,-4.2175,51.1871,-4.23,333377,568
E02004175,EnglandAndWales,1.6,31734,38311,51.1871,-4.23,51.2446,-3.785,582125,99
E02004176,EnglandAndWales,1.6,27463,32177,51.2446,-3.785,51.1812,-3.405,245000,108
E02006067,EnglandAndWales,2.1,27331,30913,51.1812,-3.405,51.2187,-3.0184,292397,410
E02006066,EnglandAndWales,2.3,5345,6803,51.2187,-3.0184,51.1771,-3.0567,290419,1745
E02003082,EnglandAndWales,2.6,24015,47194,51.1771,-3.0567,51.3875,-2.9792,342740,912
E02003019,EnglandAndWales,3.3,22931,30072,51.3875,-2.9792,51.4858,-2.6892,422545,2540
E02004653,EnglandAndWales,3.5,36859,49107,51.4858,-2.6892,51.7574,-2.3841,397849,1719
E02004653,EnglandAndWales,3.1,6872,9472,51.7574,-2.3841,51.8108,-2.4342,342546,1821
E02004653,EnglandAndWales,2.9,6152,7583,51.8108,-2.4342,51.7975,-2.3476,367629,2549
E02004653,EnglandAndWales,2.8,6601,13453,51.7975,-2.3476,51.8108,-2.4409,363607,2541
E02004630,EnglandAndWales,3.3,31804,48735,51.8108,-2.4409,51.5796,-2.7117,386675,737
W02000350,EnglandAndWales,2.8,14585,15792,51.5796,-2.7117,51.5304,-2.9067,350771,1535
W02000350,EnglandAndWales,2.2,7827,12511,51.5304,-2.9067,51.5821,-2.9833,301742,3320
W02000364,EnglandAndWales,2.5,23631,40235,51.5821,-2.9833,51.4041,-3.1692,344165,2728
W02000239,EnglandAndWales,2.5,16507,24784,51.4041,-3.1692,51.3804,-3.4034,342697,1746
W02000237,EnglandAndWales,2.2,24756,32477,51.3804,-3.4034,51.4792,-3.7225,285397,677
W02000211,EnglandAndWales,1.7,18270,28402,51.4792,-3.7225,51.6287,-3.8317,247170,1859
W02000187,EnglandAndWales,1.8,33771,54508,51.6287,-3.8317,51.5604,-4.3067,291470,1002
W02000197,EnglandAndWales,1.5,10626,14277,51.5604,-4.3067,51.6479,-4.2451,192998,609
W02000197,EnglandAndWales,1.8,11283,22266,51.6479,-4.2451,51.6584,-4.0829,274472,2202
W02000162,EnglandAndWales,1.8,17306,26425,51.6584,-4.0829,51.6791,-4.3309,267070,1475
W02000153,EnglandAndWales,1.7,13217,27937,51.6791,-4.3309,51.7979,-4.335,225798,401
W02000139,EnglandAndWales,1.6,51538,88037,51.7979,-4.335,51.6079,-5.0151,263618,174
W02000140,EnglandAndWales,1.4,11154,15220,51.6079,-5.0151,51.6817,-5.1242,229725,340
W02000134,EnglandAndWales,1.6,16655,43628,51.6817,-5.1242,51.7171,-4.8901,211289,354
W02000133,EnglandAndWales,1.6,19143,32110,51.7171,-4.8901,51.7271,-5.1667,211289,327
W02000133,EnglandAndWales,1.2,5346,8989,51.7271,-5.1667,51.6796,-5.1784,445000,330
W02000133,EnglandAndWales,1.3,8229,10585,51.6796,-5.1784,51.7358,-5.2558,445000,94
W02000133,EnglandAndWales,1.4,10885,14096,51.7358,-5.2558,51.7742,-5.1108,298850,316
W02000133,EnglandAndWales,1.4,8875,9972,51.7742,-5.1108,51.8533,-5.1275,298850,480
W02000128,EnglandAndWales,1.8,13342,19974,51.8533,-5.1275,51.8608,-5.3208,345250,70
W02000127,EnglandAndWales,1.5,25696,42988,51.8608,-5.3208,52.0321,-5.0701,0,55
W02000127,EnglandAndWales,1.8,16637,30401,52.0321,-5.0701,52.0213,-4.8283,0,83
W02000126,EnglandAndWales,1.5,12627,18165,52.0213,-4.8283,52.1179,-4.7316,0,136
W02000120,EnglandAndWales,1.5,39591,57790,52.1179,-4.7316,52.2649,-4.2042,75000,82
W02000120,EnglandAndWales,1.8,31265,35628,52.2649,-4.2042,52.5316,-4.0592,225000,145
W02000116,EnglandAndWales,2,8600,11515,52.5316,-4.0592,52.5533,-3.9375,0,187
W02000026,EnglandAndWales,2,14420,19852,52.5533,-3.9375,52.6075,-4.1308,0,100
W02000026,EnglandAndWales,1.8,18472,25286,52.6075,-4.1308,52.7391,-3.9642,0,81
W02000025,EnglandAndWales,1.5,6851,8158,52.7391,-3.9642,52.7221,-4.0617,0,148
W02000022,EnglandAndWales,1.3,11331,12457,52.7221,-4.0617,52.8084,-4.1509,0,77
W02000022,EnglandAndWales,1.2,14179,25071,52.8084,-4.1509,52.9229,-4.0584,0,130
W02000019,EnglandAndWales,1.3,22876,30888,52.9229,-4.0584,52.8938,-4.3951,219125,129
W02000021,EnglandAndWales,1.3,15852,27266,52.8938,-4.3951,52.7771,-4.5301,219125,107
W02000023,EnglandAndWales,1.5,16250,26891,52.7771,-4.5301,52.795,-4.7692,0,40
W02000009,EnglandAndWales,1.6,60174,83899,52.795,-4.7692,53.2125,-4.1992,253813,173
W02000010,EnglandAndWales,1.8,24890,30634,53.2125,-4.1992,53.2963,-3.8533,256667,593
W02000038,EnglandAndWales,1.8,6341,8790,53.2963,-3.8533,53.2437,-3.8167,262268,1275
W02000027,EnglandAndWales,1.8,11478,15258,53.2437,-3.8167,53.3404,-3.8767,262268,718
W02000027,EnglandAndWales,1.6,18773,23371,53.3404,-3.8767,53.2921,-3.6067,257890,686
W02000031,EnglandAndWales,1.8,20801,26610,53.2921,-3.6067,53.3563,-3.3134,258688,707
W02000058,EnglandAndWales,2.5,20833,24074,53.3563,-3.3134,53.2329,-3.0783,285115,1236
E02001492,EnglandAndWales,2.2,19352,39339,53.2329,-3.0783,53.3892,-3.2058,282773,2421
E02001479,EnglandAndWales,1.7,12195,13232,53.3892,-3.2058,53.4421,-3.0451,292874,6347
E02001396,EnglandAndWales,1.9,19784,22856,53.4421,-3.0451,53.2929,-2.8833,286143,5635
E02002583,EnglandAndWales,2.3,15148,23512,53.2929,-2.8833,53.355,-2.6809,275428,4836
E02001404,EnglandAndWales,2,14097,18688,53.355,-2.6809,53.3354,-2.8901,271464,6642
E02001360,EnglandAndWales,1.8,27516,32202,53.3354,-2.8901,53.5459,-3.1076,266802,4400
E02001432,EnglandAndWales,2.2,18664,20982,53.5459,-3.1076,53.6958,-2.9809,320550,1409
E02001429,EnglandAndWales,2.2,10349,19684,53.6958,-2.9809,53.715,-2.8275,282503,3762
E02005210,EnglandAndWales,2,13764,19580,53.715,-2.8275,53.7425,-3.0309,280303,3336
E02002638,EnglandAndWales,1.6,11643,12525,53.7425,-3.0309,53.8458,-3.0592,287717,2666
E02005321,EnglandAndWales,1.3,8451,8891,53.8458,-3.0592,53.9216,-3.0509,277685,3015
E02005203,EnglandAndWales,1.5,8778,14337,53.9216,-3.0509,53.8596,-2.9683,285801,2842
E02005203,EnglandAndWales,1.5,8178,11262,53.8596,-2.9683,53.9308,-2.9992,286639,3058
E02005239,EnglandAndWales,1.9,10425,16459,53.9308,-2.9992,53.9642,-2.8508,316040,1858
E02005236,EnglandAndWales,2.2,9002,14950,53.9642,-2.8508,54.0449,-2.8409,310660,1694
E02005236,EnglandAndWales,2.2,6800,10620,54.0449,-2.8409,53.9887,-2.8817,322872,2021
E02005236,EnglandAndWales,2.1,5660,9292,53.9887,-2.8817,54.0324,-2.9259,312781,2292
E02004021,EnglandAndWales,2.3,24524,38313,54.0324,-2.9259,54.2399,-2.7993,347765,731
E02004021,EnglandAndWales,2.4,13398,18370,54.2399,-2.7993,54.1479,-2.9318,383408,715
E02004022,EnglandAndWales,2.2,11852,19102,54.1479,-2.9318,54.2275,-3.0525,491919,650
E02004022,EnglandAndWales,2,19605,25482,54.2275,-3.0525,54.0612,-3.1517,353295,505
E02003977,EnglandAndWales,2,21693,41784,54.0612,-3.1517,54.2525,-3.2158,353295,454
E02004007,EnglandAndWales,1.9,10090,19909,54.2525,-3.2158,54.1908,-3.3292,353295,951
E02004007,EnglandAndWales,2.3,40777,57531,54.1908,-3.3292,54.5083,-3.6425,285088,252
E02003968,EnglandAndWales,2.2,42823,50997,54.5083,-3.6425,54.8675,-3.4041,270907,288
E02003965,EnglandAndWales,2.3,25908,69102,54.8675,-3.4041,54.9825,-3.0526,236535,435
E02003987,EnglandAndWales,2.7,34280,48478,54.9825,-3.0526,55.0079,-3.5866,271881,243
S01007595,Scotland,3,15184,18486,55.0079,-3.5866,54.8716,-3.5975,0,295
S01007544,Scotland,2.5,14607,21148,54.8716,-3.5975,54.8879,-3.8234,0,86
S01007531,Scotland,2.4,16746,36061,54.8879,-3.8234,54.7662,-3.9767,0,96
S01007520,Scotland,2.5,31914,77356,54.7662,-3.9767,54.9163,-4.4001,0,49
S01007506,Scotland,2.4,26812,42050,54.9163,-4.4001,54.6754,-4.3935,0,38
S01007503,Scotland,1.9,36755,43465,54.6754,-4.3935,54.8687,-4.8567,0,23
S01007497,Scotland,1.9,9948,11977,54.8687,-4.8567,54.8017,-4.9592,0,135
S01007500,Scotland,1.9,20082,25869,54.8017,-4.9592,54.6313,-4.8567,0,16
S01007500,Scotland,2,31078,44313,54.6313,-4.8567,54.8549,-5.1458,0,47
S01007494,Scotland,2,16230,19033,54.8549,-5.1458,55,-5.1708,0,84
S01007494,Scotland,2,14699,24325,55,-5.1708,54.9118,-5,0,104
S01007498,Scotland,2.1,25310,32246,54.9118,-5,55.1392,-4.9992,0,64
S01012421,Scotland,2.8,46260,57199,55.1392,-4.9992,55.495,-4.6225,0,245
S01011178,Scotland,2.7,14028,20848,55.495,-4.6225,55.6158,-4.6859,0,1451
S01011233,Scotland,2.7,16738,31172,55.6158,-4.6859,55.6975,-4.9092,0,816
S01010825,Scotland,2.5,27317,33839,55.6975,-4.9092,55.9425,-4.8842,0,479
S01010819,Scotland,2.7,28876,37507,55.9425,-4.8842,55.9033,-4.4275,0,2314
S01007380,Scotland,2.6,32176,44062,55.9033,-4.4275,56.0804,-4.8351,0,2025
S01007373,Scotland,2.6,11167,15036,56.0804,-4.8351,55.9875,-4.7675,0,946
S01007373,Scotland,2.6,5517,6234,55.9875,-4.7675,55.9866,-4.8559,0,1975
S01007358,Scotland,2.7,25386,29611,55.9866,-4.8559,56.2071,-4.7518,0,368
S01007355,Scotland,3.7,13753,15570,56.2071,-4.7518,56.1004,-4.8634,0,47
S01007355,Scotland,3.5,8022,11412,56.1004,-4.8634,56.1658,-4.9176,0,84
S01007353,Scotland,2.6,34069,49805,56.1658,-4.9176,55.8617,-4.9792,0,284
S01007353,Scotland,2.5,18732,23396,55.8617,-4.9792,56.0087,-5.1251,0,190
S01007352,Scotland,1.7,12755,14240,56.0087,-5.1251,55.8975,-5.0759,0,115
S01007352,Scotland,1.6,11792,15341,55.8975,-5.0759,55.9804,-5.1934,0,80
S01007343,Scotland,1.6,17128,20586,55.9804,-5.1934,55.8267,-5.2059,0,38
S01007351,Scotland,1.5,7427,10899,55.8267,-5.2059,55.8516,-5.3159,0,102
S01007351,Scotland,2.6,16063,22356,55.8516,-5.3159,55.9949,-5.3459,0,41
S01007352,Scotland,2.8,40527,47905,55.9949,-5.3459,56.2721,-4.9233,0,18
S01007311,Scotland,2.9,41860,65042,56.2721,-4.9233,56.0325,-5.4425,0,19
S01007318,Scotland,2.6,29885,37884,56.0325,-5.4425,55.7734,-5.3175,0,26
S01007321,Scotland,1.9,42708,59486,55.7734,-5.3175,55.4258,-5.6042,0,19
S01007332,Scotland,1.8,8786,11564,55.4258,-5.6042,55.3642,-5.5175,0,76
S01007332,Scotland,1.8,19548,24548,55.3642,-5.5175,55.3025,-5.8059,0,30
S01007329,Scotland,1.9,43058,50437,55.3025,-5.8059,55.6825,-5.6791,0,17
S01007321,Scotland,2.1,24411,28453,55.6825,-5.6791,55.8558,-5.4408,0,9
S01007321,Scotland,2.1,15150,19052,55.8558,-5.4408,55.7596,-5.6117,0,12
S01007321,Scotland,2.7,6404,11887,55.7596,-5.6117,55.8058,-5.6725,0,7
S01007320,Scotland,2.8,26888,59322,55.8058,-5.6725,56.04,-5.5675,0,20
S01007320,Scotland,2.9,13719,40283,56.04,-5.5675,55.9508,-5.7192,0,38
S01007320,Scotland,2.9,18210,29548,55.9508,-5.7192,56.0758,-5.5309,0,31
S01007313,Scotland,2.8,12546,21277,56.0758,-5.5309,56.1875,-5.5042,0,49
S01007313,Scotland,2.9,9393,11248,56.1875,-5.5042,56.1317,-5.6176,0,17
S01007309,Scotland,3,15981,26437,56.1317,-5.6176,56.255,-5.4858,0,14
S01007309,Scotland,2.8,7059,10727,56.255,-5.4858,56.2491,-5.5992,0,26
S01007309,Scotland,3,9368,11565,56.2491,-5.5992,56.3325,-5.5792,0,45
S01007307,Scotland,2.8,8898,11683,56.3325,-5.5792,56.3625,-5.4458,0,125
S01007307,Scotland,2.8,5904,9551,56.3625,-5.4458,56.3575,-5.5409,0,194
S01007289,Scotland,3,12454,16951,56.3575,-5.5409,56.4554,-5.4433,0,104
S01007301,Scotland,3,18995,27498,56.4554,-5.4433,56.4767,-5.1375,0,72
S01007307,Scotland,3.6,11511,15585,56.4767,-5.1375,56.5671,-5.0467,0,11
S01007305,Scotland,3.6,17291,21788,56.5671,-5.0467,56.4471,-5.225,0,15
S01007303,Scotland,3,15902,29336,56.4471,-5.225,56.4841,-5.4742,0,87
S01007303,Scotland,3,15935,29275,56.4841,-5.4742,56.5516,-5.2459,0,79
S01007303,Scotland,3.6,10771,18539,56.5516,-5.2459,56.5475,-5.4209,0,35
S01007304,Scotland,3.8,14581,25387,56.5475,-5.4209,56.6613,-5.3034,0,25
S01010524,Scotland,3.4,19198,24270,56.6613,-5.3034,56.7125,-5.0042,0,17
S01010524,Scotland,3.4,14895,18420,56.7125,-5.0042,56.7021,-5.2467,0,21
S01010509,Scotland,3.4,17421,19609,56.7021,-5.2467,56.8325,-5.0892,0,77
S01010509,Scotland,3.3,15380,17592,56.8325,-5.0892,56.8587,-5.3367,0,75
S01010509,Scotland,3.3,13623,16246,56.8587,-5.3367,56.8242,-5.1225,0,83
S01010508,Scotland,3.4,50304,69490,56.8242,-5.1225,56.4962,-5.6867,0,30
S01010508,Scotland,3,26059,42573,56.4962,-5.6867,56.6492,-6.0075,0,9
S01010504,Scotland,3.3,28965,48828,56.6492,-6.0075,56.6871,-5.5401,0,9
S01010504,Scotland,3.3,42426,63404,56.6871,-5.5401,56.7258,-6.2292,0,6
S01010504,Scotland,3.3,29715,63957,56.7258,-6.2292,56.7816,-5.7542,0,4
S01010505,Scotland,3.4,8559,12755,56.7816,-5.7542,56.8325,-5.8592,0,12
S01010505,Scotland,3.4,12329,17898,56.8325,-5.8592,56.875,-5.6726,0,8
S01010506,Scotland,3.7,15418,37126,56.875,-5.6726,56.8891,-5.9242,0,6
S01010506,Scotland,3.4,14307,31182,56.8891,-5.9242,57.0074,-5.8325,0,15
S01010506,Scotland,3.4,19694,27893,57.0074,-5.8325,56.995,-5.5092,0,9
S01010506,Scotland,3.4,18968,33996,56.995,-5.5092,57.0742,-5.7858,0,10
S01010506,Scotland,3.2,24441,33112,57.0742,-5.7858,57.1083,-5.3875,0,8
S01010530,Scotland,3.2,19400,25015,57.1083,-5.3875,57.1617,-5.6925,0,3
S01010669,Scotland,3,10439,14617,57.1617,-5.6925,57.2504,-5.6366,0,26
S01010669,Scotland,3.1,14595,21796,57.2504,-5.6366,57.2346,-5.3966,0,21
S01010669,Scotland,3.1,20960,27763,57.2346,-5.3966,57.2825,-5.7325,0,17
S01010671,Scotland,2.9,23261,36917,57.2825,-5.7325,57.4216,-5.4442,0,17
S01010689,Scotland,3,9527,12348,57.4216,-5.4442,57.3571,-5.5483,0,22
S01010688,Scotland,2.8,7478,16913,57.3571,-5.5483,57.4154,-5.61,0,36
S01010688,Scotland,2.9,14002,21058,57.4154,-5.61,57.3641,-5.8226,0,21
S01010688,Scotland,2.8,23606,35684,57.3641,-5.8226,57.5758,-5.8426,0,4
S01010688,Scotland,2.8,20139,46539,57.5758,-5.8426,57.5408,-5.5125,0,2
S01010686,Scotland,2.8,21099,32026,57.5408,-5.5125,57.6375,-5.8159,0,3
S01010686,Scotland,3,10952,18694,57.6375,-5.8159,57.7,-5.6742,0,12
S01010687,Scotland,3,9896,13181,57.7,-5.6742,57.7492,-5.8125,0,15
S01010687,Scotland,2.7,11783,12988,57.7492,-5.8125,57.855,-5.8142,0,10
S01010686,Scotland,2.8,7896,10273,57.855,-5.8142,57.8679,-5.6834,0,11
S01010686,Scotland,2.8,11789,16107,57.8679,-5.6834,57.7679,-5.6183,0,17
S01010686,Scotland,2.8,17451,31274,57.7679,-5.6183,57.9246,-5.6201,0,11
S01010691,Scotland,2.9,25416,42634,57.9246,-5.6201,57.8429,-5.22,0,12
S01010691,Scotland,2.8,13456,22253,57.8429,-5.22,57.9387,-5.3583,0,18
S01010691,Scotland,2.8,21559,26786,57.9387,-5.3583,57.8191,-5.0725,0,11
S01010691,Scotland,2.7,36625,55775,57.8191,-5.0725,58.0758,-5.4592,0,7
S01010693,Scotland,2.3,9272,21356,58.0758,-5.4592,58.0654,-5.3033,0,10
S01010693,Scotland,2.3,9951,22427,58.0654,-5.3033,58.1491,-5.2442,0,11
S01010813,Scotland,2.3,15079,28922,58.1491,-5.2442,58.2645,-5.3784,0,6
S01010814,Scotland,2.3,26765,52561,58.2645,-5.3784,58.2567,-4.9226,0,4
S01010814,Scotland,2.2,18598,33568,58.2567,-4.9226,58.3525,-5.1825,0,2
S01010814,Scotland,2.5,7255,10812,58.3525,-5.1825,58.4137,-5.14,0,9
S01010814,Scotland,2.3,7356,11012,58.4137,-5.14,58.3808,-5.0309,0,9
S01010815,Scotland,2.3,8495,28429,58.3808,-5.0309,58.4529,-5.0784,0,8
S01010815,Scotland,2.3,5889,7178,58.4529,-5.0784,58.4266,-4.9909,0,7
S01010815,Scotland,2.3,10639,18373,58.4266,-4.9909,58.4908,-5.1259,0,4
S01010812,Scotland,2.3,16850,21486,58.4908,-5.1259,58.6279,-5.0034,0,2
S01010812,Scotland,2.5,10640,13564,58.6279,-5.0034,58.5983,-4.8293,0,3
S01010812,Scotland,2.5,9111,13531,58.5983,-4.8293,58.517,-4.8117,0,4
S01010812,Scotland,2.5,9536,14279,58.517,-4.8117,58.6021,-4.7934,0,3
S01010812,Scotland,2.5,9801,14925,58.6021,-4.7934,58.5525,-4.6542,0,4
S01010812,Scotland,2.7,12960,19869,58.5525,-4.6542,58.4479,-4.7517,0,3
S01010812,Scotland,2.7,18054,26359,58.4479,-4.7517,58.5829,-4.5801,0,3
S01010812,Scotland,2.5,8826,12322,58.5829,-4.5801,58.557,-4.4367,0,9
S01010811,Scotland,2.5,12731,16652,58.557,-4.4367,58.4446,-4.4767,0,4
S01010811,Scotland,2.3,31956,62224,58.4446,-4.4767,58.6037,-4.0201,0,4
S01010810,Scotland,2.7,8130,12732,58.6037,-4.0201,58.5587,-3.91,0,11
S01010810,Scotland,3.1,16325,21371,58.5587,-3.91,58.622,-3.6567,0,61
S01010793,Scotland,3.3,16749,23427,58.622,-3.6567,58.5945,-3.3733,0,81
S01010791,Scotland,3.4,8730,13127,58.5945,-3.3733,58.6729,-3.375,0,132
S01010790,Scotland,3.4,20716,27914,58.6729,-3.375,58.6433,-3.0225,0,14
S01010773,Scotland,2.9,38478,53617,58.6433,-3.0225,58.3116,-3.2076,0,31
S01010764,Scotland,2.9,64886,82734,58.3116,-3.2076,57.9574,-4.0826,0,14
S01010758,Scotland,2.9,11505,16650,57.9574,-4.0826,57.8612,-4.0117,0,88
S01010761,Scotland,2.9,20590,31768,57.8612,-4.0117,57.885,-4.3559,0,48
S01010756,Scotland,2.9,19737,31265,57.885,-4.3559,57.8154,-4.0501,0,59
S01010748,Scotland,2.9,17377,29631,57.8154,-4.0501,57.865,-3.7726,0,66
S01010746,Scotland,3.2,22682,24712,57.865,-3.7726,57.6929,-3.9767,0,44
S01010746,Scotland,3,5682,10352,57.6929,-3.9767,57.7379,-4.0217,0,245
S01010702,Scotland,3.2,17040,19733,57.7379,-4.0217,57.6804,-4.2867,0,143
S01010695,Scotland,3.6,15049,17730,57.6804,-4.2867,57.5749,-4.4442,0,224
S01010707,Scotland,3.5,29194,36854,57.5749,-4.4442,57.6804,-3.9967,0,142
S01010731,Scotland,3.8,13051,16246,57.6804,-3.9967,57.5742,-4.0892,0,171
S01010659,Scotland,3.7,23093,38254,57.5742,-4.0892,57.4862,-4.4384,0,394
S01010619,Scotland,3.8,15297,20199,57.4862,-4.4384,57.4846,-4.1833,0,541
S01010569,Scotland,3.7,14027,20828,57.4846,-4.1833,57.5912,-4.0584,0,576
S01010548,Scotland,3.5,48412,86705,57.5912,-4.0584,57.7254,-3.2867,0,155
S01011131,Scotland,3.3,16326,23722,57.7254,-3.2867,57.6654,-3.0368,0,335
S01007023,Scotland,3.1,61747,80170,57.6654,-3.0368,57.6996,-2.0033,0,94
S01007087,Scotland,3.2,26115,33815,57.6996,-2.0033,57.5033,-1.7641,0,174
S01006975,Scotland,3.9,23661,38158,57.5033,-1.7641,57.3308,-1.9942,0,192
S01006587,Scotland,3.6,53895,68106,57.3308,-1.9942,56.8641,-2.2308,0,513
S01006805,Scotland,3.3,24862,38097,56.8641,-2.2308,56.7183,-2.5391,0,155
S01007205,Scotland,2.9,6608,9152,56.7183,-2.5391,56.7009,-2.4359,0,426
S01007172,Scotland,2.7,16239,21110,56.7009,-2.4359,56.5666,-2.5393,0,288
S01007172,Scotland,3,16818,19348,56.5666,-2.5393,56.4621,-2.7367,0,473
S01009742,Scotland,2.8,40552,50264,56.4621,-2.7367,56.3808,-3.3775,0,675
S01009742,Scotland,2.8,35558,46318,56.3808,-3.3775,56.4462,-2.8134,0,797
S01009733,Scotland,2.7,11961,16606,56.4462,-2.8134,56.3533,-2.9108,0,1272
S01009698,Scotland,3.1,21697,30709,56.3533,-2.9108,56.2675,-2.5959,0,255
S01009703,Scotland,2.6,16362,18405,56.2675,-2.5959,56.1829,-2.8117,0,87
S01009651,Scotland,2.4,10090,14275,56.1829,-2.8117,56.2071,-2.9684,0,525
S01009384,Scotland,3,34796,46823,56.2071,-2.9684,56.0071,-3.3984,0,1336
S01007452,Scotland,3.3,29337,47861,56.0071,-3.3984,56.1,-3.8392,0,1611
S01009122,Scotland,3.1,14253,26991,56.1,-3.8392,56.0062,-3.6834,0,1956
S01008181,Scotland,3.3,38545,57068,56.0062,-3.6834,55.9462,-3.0751,0,2267
S01008243,Scotland,3.4,29076,39345,55.9462,-3.0751,56.0595,-2.655,0,1599
S01008277,Scotland,3.5,35691,49678,56.0595,-2.655,55.9179,-2.1417,0,87
E02005707,EnglandAndWales,2.5,18080,27603,55.9179,-2.1417,55.7683,-2.0292,0,138
E02005706,EnglandAndWales,2.4,32006,55503,55.7683,-2.0292,55.5825,-1.6408,377083,78
E02005702,EnglandAndWales,1.9,46668,74776,55.5825,-1.6408,55.165,-1.5725,293434,432
E02001738,EnglandAndWales,1.8,57999,78736,55.165,-1.5725,54.6966,-1.1758,283281,1878
E02002484,EnglandAndWales,1.8,13105,25884,54.6966,-1.1758,54.5808,-1.2126,250674,3856
E02002537,EnglandAndWales,1.7,9011,12748,54.5808,-1.2126,54.6487,-1.1366,245024,5535
E02002524,EnglandAndWales,1.5,41391,49785,54.6487,-1.1366,54.4795,-0.5667,246435,754
E02005798,EnglandAndWales,1.9,29153,36362,54.4795,-0.5667,54.2458,-0.3642,251443,348
E02002685,EnglandAndWales,1.7,23383,29033,54.2458,-0.3642,54.1199,-0.0775,239047,521
E02002685,EnglandAndWales,1.7,16040,20372,54.1199,-0.0775,53.9984,-0.2092,242857,319
E02002693,EnglandAndWales,2.3,51667,58888,53.9984,-0.2092,53.5783,0.1242,262500,139
E02002671,EnglandAndWales,1.9,31587,46058,53.5783,0.1242,53.7429,-0.265,218714,1495
E02002671,EnglandAndWales,2.2,34450,41417,53.7429,-0.265,53.6958,-0.7808,305065,1276
E02002721,EnglandAndWales,2.4,7786,14103,53.6958,-0.7808,53.6371,-0.7167,297656,1956
E02002751,EnglandAndWales,2.5,10321,13145,53.6371,-0.7167,53.7129,-0.6267,336565,1350
E02002715,EnglandAndWales,2.1,22005,25909,53.7129,-0.6267,53.7137,-0.2934,320385,1814
E02002750,EnglandAndWales,1.9,40152,62400,53.7137,-0.2934,53.4792,0.1674,262296,1237
E02005425,EnglandAndWales,1.5,43558,55677,53.4792,0.1674,53.1025,0.3442,211752,144
E02005417,EnglandAndWales,1.5,33899,42873,53.1025,0.3442,52.8841,-0.0076,242700,329
E02005466,EnglandAndWales,2,28136,38427,52.8841,-0.0076,52.7829,0.3749,247138,522
E02005551,EnglandAndWales,2.3,24279,28869,52.7829,0.3749,52.9763,0.5416,291962,350
E02005551,EnglandAndWales,2.8,30134,63426,52.9763,0.5416,52.9796,0.99,443442,97
E02005570,EnglandAndWales,2.5,29282,31214,52.9796,0.99,52.8971,1.4033,409626,202
E02005538,EnglandAndWales,2,33529,36417,52.8971,1.4033,52.6699,1.7291,296699,358
E02005540,EnglandAndWales,2.1,21484,23659,52.6699,1.7291,52.4783,1.7658,268085,829
E02006315,EnglandAndWales,2.3,45596,50740,52.4783,1.7658,52.0849,1.5809,292290,272
E02006293,EnglandAndWales,3,24853,36155,52.0849,1.5809,51.9304,1.3199,290692,421
E02004573,EnglandAndWales,3,15505,20083,51.9304,1.3199,52.0291,1.1608,331971,1694
E02006237,EnglandAndWales,3,11520,14356,52.0291,1.1608,51.9558,1.2791,344978,2209
E02006236,EnglandAndWales,3.1,15031,18695,51.9558,1.2791,51.95,1.0608,403271,1392
E02004573,EnglandAndWales,3,15828,20296,51.95,1.0608,51.9466,1.2908,384014,959
E02004573,EnglandAndWales,2.4,17227,42533,51.9466,1.2908,51.8013,1.2049,345520,881
E02004584,EnglandAndWales,2.2,11755,12597,51.8013,1.2049,51.7679,1.0434,344183,906
E02004524,EnglandAndWales,3,10336,22262,51.7679,1.0434,51.8488,0.9699,385279,2241
E02004524,EnglandAndWales,3.1,7280,32183,51.8488,0.9699,51.7846,0.99,389685,3039
E02004524,EnglandAndWales,3.3,21543,54498,51.7846,0.99,51.7266,0.6925,425814,1030
E02004557,EnglandAndWales,3.5,17447,33954,51.7266,0.6925,51.7392,0.9441,454222,819
E02004560,EnglandAndWales,3.1,20767,39585,51.7392,0.9441,51.5583,0.8708,431396,560
E02003287,EnglandAndWales,3.6,44039,77256,51.5583,0.8708,51.4659,0.2542,477778,2865
E02003308,EnglandAndWales,3.4,31113,41516,51.4659,0.2542,51.4721,0.7017,481758,3811
E02003314,EnglandAndWales,3.2,15368,28634,51.4721,0.7017,51.39,0.5241,452853,4018
E02003320,EnglandAndWales,3.2,12188,28643,51.39,0.5241,51.3795,0.6983,447440,3545
E02005116,EnglandAndWales,3.1,8260,25611,51.3795,0.6983,51.4463,0.75,449662,3133
E02005115,EnglandAndWales,2.9,11390,12186,51.4463,0.75,51.4149,0.9058,479125,1151
E02005120,EnglandAndWales,3.2,6902,11006,51.4149,0.9058,51.3529,0.9067,468017,1586
E02005119,EnglandAndWales,3.3,11413,15377,51.3529,0.9067,51.3875,0.7525,443170,1529
E02005119,EnglandAndWales,3.3,11369,19104,51.3875,0.7525,51.3396,0.8966,443170,1505
E02005011,EnglandAndWales,3.1,37408,41048,51.3396,0.8966,51.3929,1.4266,455745,875
E02005044,EnglandAndWales,3,26773,36803,51.3929,1.4266,51.1533,1.3942,387559,876
E02005049,EnglandAndWales,3.5,27493,35117,51.1533,1.3942,51.0484,1.0391,399507,700
E02005114,EnglandAndWales,3.6,16008,18524,51.0484,1.0391,50.9104,0.975,395370,545
E02004393,EnglandAndWales,3.3,14660,15501,50.9104,0.975,50.9337,0.7699,481264,209
E02004367,EnglandAndWales,2.6,43565,49536,50.9337,0.7699,50.7321,0.24,382838,767
,,,,,,,,,,
18246Ballintemple,Ireland,4.4,14778,21148,51.8587,-8,51.7838,-8.1767,0,151
18253Corkbeg,Ireland,4.5,7231,10783,51.7838,-8.1767,51.8142,-8.2692,0,739
18253Corkbeg,Ireland,4.5,8347,12606,51.8142,-8.2692,51.8612,-8.175,0,909
17041Knockrea B,Ireland,3.2,20244,40595,51.8612,-8.175,51.9004,-8.4617,0,1369
18195Templebreedy,Ireland,3.2,17198,56017,51.9004,-8.4617,51.7975,-8.2759,0,1524
18195Templebreedy,Ireland,4.6,10452,21746,51.7975,-8.2759,51.7146,-8.3467,0,490
18194Nohaval,Ireland,4.6,13209,35408,51.7146,-8.3467,51.6954,-8.535,0,170
18189Kinsale Rural,Ireland,4.4,9939,19605,51.6954,-8.535,51.6062,-8.5334,0,155
18057Butlerstown,Ireland,4.1,16375,24791,51.6062,-8.5334,51.6437,-8.7617,0,154
18057Butlerstown,Ireland,4.1,8911,19586,51.6437,-8.7617,51.5696,-8.7134,0,195
18001Clonakilty Urban,Ireland,3.9,13236,19972,51.5696,-8.7134,51.6213,-8.8851,0,121
18001Clonakilty Urban,Ireland,3.7,9508,19667,51.6213,-8.8851,51.5388,-8.92,0,164
18070Rathbarry,Ireland,2.7,15528,29525,51.5388,-8.92,51.5629,-9.1401,0,121
18292Castlehaven North,Ireland,2.2,18052,51223,51.5629,-9.1401,51.4662,-9.3483,0,75
18306Skibbereen Rural,Ireland,1.6,8582,16698,51.4662,-9.3483,51.5417,-9.3242,0,117
18306Skibbereen Rural,Ireland,1.6,8304,12037,51.5417,-9.3242,51.4946,-9.4167,0,134
18316Kilcoe,Ireland,1.7,7888,20679,51.4946,-9.4167,51.5604,-9.4584,0,140
18318Skull,Ireland,1.6,25537,67158,51.5604,-9.4584,51.4446,-9.775,0,35
18312Crookhaven,Ireland,1.3,6256,21167,51.4446,-9.775,51.4816,-9.8425,0,13
18313Dunbeacon,Ireland,1.5,25489,34309,51.4816,-9.8425,51.61,-9.5392,0,34
18045Sheepshead,Ireland,1.5,23424,30511,51.61,-9.5392,51.5408,-9.8575,0,38
18045Sheepshead,Ireland,1.6,34786,46971,51.5408,-9.8575,51.7296,-9.4584,0,36
18050Curryglass,Ireland,1.6,50680,95372,51.7296,-9.4584,51.6116,-10.1642,0,28
18051Kilcatherine,Ireland,1.5,51828,105973,51.6116,-10.1642,51.8825,-9.5559,0,22
19059Reen,Ireland,1.5,43128,67586,51.8825,-9.5559,51.7362,-10.1334,0,21
19008Cathair Dónall,Ireland,1.2,8075,15427,51.7362,-10.1334,51.7775,-10.2292,0,29
19013Doire Fhíonáin,Ireland,1.1,9052,14710,51.7775,-10.2292,51.8546,-10.1884,0,46
19015An tImleach,Ireland,1.1,13515,18313,51.8546,-10.1884,51.7821,-10.345,0,34
19023Toghroinn Fhíonáin,Ireland,1,7962,15108,51.7821,-10.345,51.8433,-10.4042,0,28
19024Teeranearagh,Ireland,1.3,12187,21066,51.8433,-10.4042,51.9025,-10.2559,0,47
19024Teeranearagh,Ireland,1.2,9911,27918,51.9025,-10.2559,51.9913,-10.26,0,59
19066Caragh,Ireland,2.2,39048,77379,51.9913,-10.26,52.1566,-9.7592,0,55
19040Cinn Aird,Ireland,2.1,48414,95059,52.1566,-9.7592,52.0929,-10.4567,0,48
19042Márthain,Ireland,1.4,17140,43727,52.0929,-10.4567,52.2354,-10.3634,0,29
19029Cé Bhréanainn,Ireland,1.5,13909,18322,52.2354,-10.3634,52.2912,-10.1817,0,22
19029Cé Bhréanainn,Ireland,1.5,6740,10360,52.2912,-10.1817,52.2308,-10.1842,0,43
19027An Baile Dubh,Ireland,1.5,6815,9781,52.2308,-10.1842,52.2471,-10.0883,0,55
19044An Sráidbhaile,Ireland,1.9,8773,15043,52.2471,-10.0883,52.3137,-10.0201,0,29
19032Deelis,Ireland,1.9,10046,15177,52.3137,-10.0201,52.232,-9.9583,0,41
19032Deelis,Ireland,2.5,16277,25283,52.232,-9.9583,52.2575,-9.7242,0,247
19138Blennerville,Ireland,2.7,10768,12925,52.2575,-9.7242,52.2742,-9.8792,0,365
19133Ballynahaglish,Ireland,2.2,12280,32498,52.2742,-9.8792,52.3808,-9.8342,0,268
19149Kerryhead,Ireland,2.1,8891,10947,52.3808,-9.8342,52.4183,-9.9492,0,89
19149Kerryhead,Ireland,1.9,22160,27559,52.4183,-9.9492,52.4695,-9.635,0,78
19110Killehenny,Ireland,1.7,12481,22943,52.4695,-9.635,52.5812,-9.6234,0,138
19100Beal,Ireland,1.8,10593,14472,52.5812,-9.6234,52.5463,-9.4784,0,143
21058Carrig,Ireland,2.8,54319,106475,52.5463,-9.4784,52.6533,-8.6976,0,283
21058Carrig,Ireland,3,18291,26710,52.6533,-8.6976,52.682,-8.9634,0,710
16045Urlan,Ireland,3.8,11817,20969,52.682,-8.9634,52.7879,-8.955,0,465
16075Lisheen,Ireland,3.3,23903,34002,52.7879,-8.955,52.6163,-9.1667,0,238
21123Loghill,Ireland,2.6,10392,13367,52.6163,-9.1667,52.5862,-9.3116,0,106
16068Coolmeen,Ireland,2.2,6449,10072,52.5862,-9.3116,52.6387,-9.2717,0,158
16068Coolmeen,Ireland,2.3,10545,13313,52.6387,-9.2717,52.6021,-9.415,0,120
16093Kilrush Rural,Ireland,1.9,14007,21409,52.6021,-9.415,52.6671,-9.5917,0,96
16098Moyarta,Ireland,1.7,12008,25307,52.6671,-9.5917,52.5812,-9.6984,0,97
16086Kilballyowen,Ireland,1.5,16690,20473,52.5812,-9.6984,52.5575,-9.9409,0,27
16097Moveen,Ireland,1.8,37249,57012,52.5575,-9.9409,52.7533,-9.4959,0,25
16078Cloonadrum,Ireland,1.8,23729,37261,52.7533,-9.4959,52.9433,-9.3375,0,62
16054Ennistimon,Ireland,1.8,9548,12540,52.9433,-9.3375,52.9408,-9.4792,0,92
16051Cloghaun,Ireland,1.7,27281,32758,52.9408,-9.4792,53.1508,-9.2708,0,28
16011Gleninagh,Ireland,3.2,22880,66019,53.1508,-9.2708,53.1388,-8.93,0,78
27093Killeenavarra,Ireland,3.9,8460,18367,53.1388,-8.93,53.2083,-8.8792,0,468
27043Ballynacourty,Ireland,3.7,11349,31865,53.2083,-8.8792,53.2154,-9.0484,0,865
27060Oranmore,Ireland,3.7,9684,27926,53.2154,-9.0484,53.2675,-8.9325,0,1028
27060Oranmore,Ireland,3.8,6932,12507,53.2675,-8.9325,53.2771,-9.035,0,1422
26014Nuns Island,Ireland,3.4,33604,43016,53.2771,-9.035,53.2196,-9.5283,0,303
27054Cill Chuimin,Ireland,1.7,7820,15206,53.2196,-9.5283,53.2871,-9.56,0,100
27152An Crompán,Ireland,1.6,7372,11679,53.2871,-9.56,53.2304,-9.6167,0,103
27149Camas,Ireland,1.7,17214,44565,53.2304,-9.6167,53.3812,-9.5616,0,48
27149Camas,Ireland,1.5,17606,54473,53.3812,-9.5616,53.2912,-9.7783,0,49
27039Scainimh,Ireland,1.2,9487,21865,53.2912,-9.7783,53.3242,-9.9092,0,47
27033An Cnoc Buí,Ireland,1.3,12328,49290,53.3242,-9.9092,53.4271,-9.8417,0,26
27037Cloch na Rón,Ireland,1.2,10262,18978,53.4271,-9.8417,53.3671,-9.9584,0,30
27029Doonloughan,Ireland,1.2,15738,28419,53.3671,-9.9584,53.4083,-10.1841,0,28
27029Doonloughan,Ireland,1.2,12633,35050,53.4083,-10.1841,53.4691,-10.0241,0,37
27038Sillerna,Ireland,1.2,14851,46901,53.4691,-10.0241,53.5571,-10.1917,0,37
27038Sillerna,Ireland,1.6,34820,89381,53.5571,-10.1917,53.6083,-9.6742,0,18
29139Erriff,Ireland,1.6,16758,21505,53.6083,-9.6742,53.6525,-9.9158,0,16
29150/29130Owennadornaun / Bundorragha,Ireland,1.3,12382,14806,53.6525,-9.9158,53.7634,-9.9076,0,25
29147Louisburgh,Ireland,2.3,23927,35486,53.7634,-9.9076,53.8008,-9.5509,0,69
29144Kilmeena,Ireland,2.3,11324,63136,53.8008,-9.5509,53.9012,-9.5767,0,141
29149Newport West,Ireland,2.1,24672,45734,53.9012,-9.5767,53.8708,-9.9476,0,38
29136Dumha Éige,Ireland,1,9842,15861,53.8708,-9.9476,53.9562,-9.91,0,36
29133An Corrán,Ireland,1.1,8771,16179,53.9562,-9.91,53.9125,-9.7992,0,43
29129Ballycroy South,Ireland,1.2,15451,39963,53.9125,-9.7992,54.0333,-9.9142,0,28
29128Ballycroy North,Ireland,1.2,10733,25079,54.0333,-9.9142,54.1183,-9.8375,0,37
29064Cnoc na Ráithe,Ireland,1.1,11399,22029,54.1183,-9.8375,54.0591,-9.9792,0,33
29064Cnoc na Ráithe,Ireland,1.1,7877,14176,54.0591,-9.9792,54.115,-9.9058,0,49
29064Cnoc na Ráithe,Ireland,1.1,13571,33892,54.115,-9.9058,54.2229,-10.0016,0,48
29051An Geata Mór Thuaidh,Ireland,1.1,17028,40429,54.2229,-10.0016,54.0896,-10.1283,0,34
29052An Geata Mór Theas,Ireland,1,16893,24241,54.0896,-10.1283,54.2408,-10.1142,0,26
29051An Geata Mór Thuaidh,Ireland,1,9783,20659,54.2408,-10.1142,54.3029,-10.0084,0,39
29055Béal an Mhuirthead,Ireland,1,8666,19668,54.3029,-10.0084,54.265,-9.8925,0,61
29055Béal an Mhuirthead,Ireland,1.1,7637,21261,54.265,-9.8925,54.2121,-9.9667,0,75
29055Béal an Mhuirthead,Ireland,1.1,14346,30371,54.2121,-9.9667,54.2496,-9.7567,0,45
29061Cnoc na Lobhar,Ireland,1.2,9302,22151,54.2496,-9.7567,54.3008,-9.8692,0,32
29060Cnoc an Daimh,Ireland,1,7041,10582,54.3008,-9.8692,54.3404,-9.7851,0,32
29060Cnoc an Daimh,Ireland,1.1,33654,50952,54.3404,-9.7851,54.3079,-9.2718,0,11
29025Killala,Ireland,1.9,20764,48433,54.3079,-9.2718,54.1371,-9.1451,0,117
31026Kilglass,Ireland,2,18089,24580,54.1371,-9.1451,54.2912,-9.0584,0,134
31039Ballysadare West,Ireland,2.5,36355,53730,54.2912,-9.0584,54.2112,-8.5184,0,112
31038Ballysadare East,Ireland,3,8762,14824,54.2112,-8.5184,54.2525,-8.6326,0,414
31052Kilmacowen,Ireland,3.1,10078,15008,54.2525,-8.6326,54.2741,-8.4826,0,366
31053Knockaree,Ireland,3.4,7104,9658,54.2741,-8.4826,54.3016,-8.5809,0,504
31053Knockaree,Ireland,3.4,5254,12295,54.3016,-8.5809,54.3249,-8.5108,0,621
31048Drumcliff West,Ireland,3.1,11858,22766,54.3249,-8.5108,54.3574,-8.6842,0,268
33007Bundoran Rural,Ireland,2.4,34884,65179,54.3574,-8.6842,54.4975,-8.2041,0,56
33007Bundoran Rural,Ireland,1.4,5425,6540,54.4975,-8.2041,54.5225,-8.2759,0,216
33004Ballintra,Ireland,1.7,17499,36398,54.5225,-8.2759,54.6491,-8.1159,0,122
33017Dunkineely,Ireland,2.1,24674,45236,54.6491,-8.1159,54.5645,-8.4684,0,71
33017Dunkineely,Ireland,2.2,8952,11994,54.5645,-8.4684,54.632,-8.3934,0,70
33017Dunkineely,Ireland,1.9,19048,49759,54.632,-8.3934,54.6162,-8.6867,0,46
33062Málainn Bhig,Ireland,1.2,12239,19860,54.6162,-8.6867,54.6991,-8.8109,0,24
33056Cill Ghabhlaigh,Ireland,1.2,12972,20839,54.6991,-8.8109,54.7703,-8.6518,0,15
33054Inis Caoil,Ireland,1.7,13711,17089,54.7703,-8.6518,54.7541,-8.4409,0,37
33045Dawros,Ireland,1.7,11449,41537,54.7541,-8.4409,54.8312,-8.5584,0,48
33052Na Gleannta,Ireland,1.3,15096,25702,54.8312,-8.5584,54.8399,-8.3242,0,42
33061An Machaire,Ireland,1.3,14389,39292,54.8399,-8.3242,54.9399,-8.4659,0,71
33061An Machaire,Ireland,1.2,6140,10652,54.9399,-8.4659,54.9466,-8.3709,0,123
33064Inis Mhic an Doirn,Ireland,1,10672,22557,54.9466,-8.3709,55.0408,-8.4009,0,100
33039Anagaire,Ireland,1,8019,23872,55.0408,-8.4009,55.0358,-8.2759,0,138
33038Mín an Chladaigh,Ireland,1,13540,27896,55.0358,-8.2759,55.1571,-8.2883,0,83
33036Gort an Choirce,Ireland,1,10255,23775,55.1571,-8.2883,55.1196,-8.1416,0,81
33032Na Croisbhealaí,Ireland,1,15515,24830,55.1196,-8.1416,55.2262,-7.9851,0,64
33033Caisleán na dTuath,Ireland,1.4,13755,41600,55.2262,-7.9851,55.127,-7.8567,0,68
33126Ros Goill,Ireland,1.4,14922,29400,55.127,-7.8567,55.2554,-7.7901,0,56
33123Millford,Ireland,1.5,18443,39717,55.2554,-7.7901,55.0987,-7.6968,0,86
33123Millford,Ireland,1.5,13893,22284,55.0987,-7.6968,55.2233,-7.7059,0,101
33127Rosnakill,Ireland,1.2,6190,11128,55.2233,-7.7059,55.1679,-7.7134,0,117
33113Creamhghort,Ireland,1.2,7529,12228,55.1679,-7.7134,55.2133,-7.8009,0,107
33114Fánaid Thuaidh,Ireland,1.1,12684,21558,55.2133,-7.8009,55.2779,-7.6368,0,44
33114Fánaid Thuaidh,Ireland,1.1,18913,25520,55.2779,-7.6368,55.1216,-7.5209,0,95
33124Rathmelton,Ireland,1.6,21901,39175,55.1216,-7.5209,54.9496,-7.6867,0,261
33106Magheraboy,Ireland,1.7,19438,40020,54.9496,-7.6867,55.0641,-7.4576,0,544
33069Buncrana Rural,Ireland,1.4,25096,36396,55.0641,-7.4576,55.2858,-7.5276,0,262
33067Ballyliffin,Ireland,1.1,17399,36590,55.2858,-7.5276,55.2791,-7.2542,0,76
33066Ardmalin,Ireland,1,14159,20260,55.2791,-7.2542,55.382,-7.3851,0,83
33094Turmone,Ireland,1.2,33556,43616,55.382,-7.3851,55.2366,-6.9225,0,42
95MM02S1,Northern Ireland,2.1,35863,42707,55.2366,-6.9225,55.0062,-7.315,0,338
95MM07W1,Northern Ireland,2.1,17882,25503,55.0062,-7.315,55.0512,-7.0467,0,744
95RR02W1,Northern Ireland,1.8,16767,23212,55.0512,-7.0467,55.1946,-6.9667,0,203
95JJ09W1,Northern Ireland,2,52660,74693,55.1946,-6.9667,55.2279,-6.1417,0,129
95QQ06W1,Northern Ireland,2.4,29135,41425,55.2279,-6.1417,54.9816,-5.9875,0,51
95QQ05W1,Northern Ireland,3.5,27234,64500,54.9816,-5.9875,54.8066,-5.6909,0,245
95GG20S1,Northern Ireland,3.5,25706,38158,54.8066,-5.6909,54.6133,-5.9091,0,2145
95GG20S1,Northern Ireland,3.5,22266,31872,54.6133,-5.9091,54.6762,-5.5817,0,2670
95BB05S2,Northern Ireland,3.2,23412,27814,54.6762,-5.5817,54.485,-5.4308,0,453
95BB15S1,Northern Ireland,2.5,17957,24635,54.485,-5.4308,54.3296,-5.5051,0,116
95BB15S1,Northern Ireland,2.8,22598,39667,54.3296,-5.5051,54.53,-5.5609,0,224
95BB03S2,Northern Ireland,3.4,9673,14351,54.53,-5.5609,54.5812,-5.6817,0,1597
95BB14S1,Northern Ireland,3.4,23509,61881,54.5812,-5.6817,54.37,-5.6826,0,841
95NN22W1,Northern Ireland,3.1,7315,10026,54.37,-5.6826,54.3813,-5.5717,0,477
95NN22W1,Northern Ireland,3.2,8601,13138,54.3813,-5.5717,54.3092,-5.5241,0,300
95NN01S1,Northern Ireland,2.9,13205,21725,54.3092,-5.5241,54.2221,-5.6617,0,175
95NN14S2,Northern Ireland,2.7,12215,20881,54.2221,-5.6617,54.28,-5.8209,0,346
95NN14S2,Northern Ireland,2.6,20242,25770,54.28,-5.8209,54.1033,-5.8942,0,254
95VV04W1,Northern Ireland,2.3,14306,15908,54.1033,-5.8942,54.022,-6.0634,0,141
95VV07S1,Northern Ireland,2.2,17019,25430,54.022,-6.0634,54.1079,-6.2784,0,413
10026Drummullagh,Ireland,2.2,17134,23663,54.1079,-6.2784,53.9779,-6.1384,0,394
10031Jenkinstown,Ireland,2.4,17555,24232,53.9779,-6.1384,54.0133,-6.3992,0,349
10038Dysart,Ireland,3.1,27205,40292,54.0133,-6.3992,53.7942,-6.2159,0,320
10003West Gate,Ireland,4,12070,18521,53.7942,-6.2159,53.7141,-6.3392,0,642
10003West Gate,Ireland,4.3,24894,35500,53.7141,-6.3392,53.5525,-6.0791,0,563
04033Rush,Ireland,4,13010,36653,53.5525,-6.0791,53.4625,-6.2042,0,2616
04032Portmarnock South,Ireland,4.1,15297,27550,53.4625,-6.2042,53.3592,-6.0525,0,2882
02077North Dock B,Ireland,3.9,11996,16741,53.3592,-6.0525,53.3566,-6.2326,0,7308
05052Dún Laoghaire-West Central,Ireland,3.9,13432,27796,53.3566,-6.2326,53.2708,-6.0909,0,7048
15056Kilcoole,Ireland,4.6,34373,41082,53.2708,-6.0909,52.9675,-5.9942,0,849
14050Ford,Ireland,3,73303,86579,52.9675,-5.9942,52.3467,-6.3559,0,131
14092Ardcavan,Ireland,3,10367,21414,52.3467,-6.3559,52.3542,-6.5075,0,393
14100Drinagh,Ireland,2.8,10019,14359,52.3542,-6.5075,52.2771,-6.4317,0,458
14100Drinagh,Ireland,2.7,7776,13054,52.2771,-6.4317,52.3341,-6.3658,0,504
14119St. Helen's,Ireland,2.6,10963,15986,52.3341,-6.3658,52.2408,-6.3143,0,321
14114Lady's Island,Ireland,2.1,8397,9837,52.2408,-6.3143,52.1712,-6.3617,0,84
14114Lady's Island,Ireland,2.6,15634,31083,52.1712,-6.3617,52.1687,-6.5901,0,100
14097Bannow,Ireland,2.5,14268,32064,52.1687,-6.5901,52.2033,-6.7909,0,107
14097Bannow,Ireland,2.4,6983,12581,52.2033,-6.7909,52.2637,-6.7633,0,187
14088Templetown,Ireland,2.6,19325,36619,52.2637,-6.7633,52.1221,-6.9267,0,94
14067Ballyhack,Ireland,3,13550,18707,52.1221,-6.9267,52.2413,-6.9667,0,373
25081Rathmoylan,Ireland,2.9,12880,19656,52.2413,-6.9667,52.1313,-7.025,0,472
25029Dungarvan Rural,Ireland,3.1,42485,75783,52.1313,-7.025,52.1054,-7.6434,0,206
25002Dungarvan No. 2 Urban,Ireland,3.6,9207,21265,52.1054,-7.6434,52.0533,-7.5392,0,205
25020Baile Mhac Airt,Ireland,3.7,7460,8874,52.0533,-7.5392,51.9933,-7.5875,0,217
25020Baile Mhac Airt,Ireland,3.5,11975,15737,51.9933,-7.5875,51.9379,-7.7367,0,110
25090Grange,Ireland,3.3,12000,19657,51.9379,-7.7367,51.9929,-7.8867,0,143
25092Templemichael,Ireland,3.4,12455,28092,51.9929,-7.8867,51.8816,-7.8692,0,177
,,,,,,,,,,
2A163,France,2.1,20237,40545,41.4745,9,41.5558,8.7862,0,12
2A035,France,2.4,18540,32517,41.5558,8.7862,41.6904,8.9134,0,57
2A189,France,2.6,22166,35374,41.6904,8.9134,41.7408,8.6588,0,50
2A098,France,3.7,21060,39955,41.7408,8.6588,41.8942,8.8029,0,400
2A130,France,4,16365,24608,41.8942,8.8029,41.8933,8.6079,0,537
2A004,France,4.2,7820,12034,41.8933,8.6079,41.9617,8.5904,0,618
2A004,France,3.8,16337,24226,41.9617,8.5904,42.0483,8.7471,0,471
2A065,France,3.4,19244,32950,42.0483,8.7471,42.1458,8.5579,0,72
2A212,France,2.4,10371,25404,42.1458,8.5579,42.2371,8.5391,0,18
2A212,France,2.1,13230,16365,42.2371,8.5391,42.2658,8.6929,0,14
2A198,France,2.1,17097,36124,42.2658,8.6929,42.3683,8.5412,0,11
2B121,France,2,11067,21217,42.3683,8.5412,42.4166,8.6571,0,5
2B050,France,1.9,19548,37230,42.4166,8.6571,42.5838,8.7225,0,43
2B316,France,1.9,25083,47420,42.5838,8.7225,42.6404,9.0149,0,80
2B314,France,1.9,13674,21275,42.6404,9.0149,42.7321,9.1233,0,60
2B314,France,2.7,15873,25894,42.7321,9.1233,42.6762,9.2991,0,52
2B233,France,2.3,36110,49539,42.6762,9.2991,42.9958,9.3421,0,178
2B086,France,1.5,7732,9743,42.9958,9.3421,43.0196,9.43,0,20
2B346,France,2,101711,118063,43.0196,9.43,42.12,9.5537,0,106
2B277,France,1.4,22313,28862,42.12,9.5537,41.9583,9.3996,0,65
2B283,France,1.9,29617,37897,41.9583,9.3996,41.695,9.4021,0,55
2A247,France,2.1,14435,33437,41.695,9.4021,41.6041,9.2813,0,117
2A247,France,2.4,7427,13794,41.6041,9.2813,41.5925,9.3679,0,199
2A041,France,2.4,28495,59434,41.5925,9.3679,41.365,9.2196,0,63